Job Title,Company,Job URL,Description
N/A,Coullax (or equivalent),https://rooster.jobs/jobs/516419,"At Coullax, we Build the Unbuilt , creating cutting edge AI and blockchain solutions. We’re looking for experienced engineers who take ownership, move fast, and are comfortable building across diverse, high impact projects.What You’ll DoDesign and build scalable systems (Go, PostgreSQL)Develop high performance frontends (React, Next.js)Integrate AI features (LLMs, LangChain, RAG)Lead technical decisions, code reviews, and architectureMentor junior engineers and shape engineering cultureWhat We’re Looking For3+ years of software engineering experienceStrong in Golang, React/Next.js, PostgreSQLExperience with system design & distributed systemsFamiliar with LLMs, AI integrations, or RAG pipelinesSolid DevOps understanding (Docker, CI/CD, cloud)Highly adaptable, strong ownership mindsetNice to HaveBlockchain / Web3 experienceLangChain or AI pipeline experienceEvent-driven systems (Kafka, RabbitMQ)What You GetWork on high-impact, real-world productsModern stack + real technical ownershipLeadership opportunities + strong engineering cultureFlexible work + performance-based rewardsApplySend your CV + a short note on what you’ve built📞 070 11 777 11 | 011 214 2278"
N/A,Coullax (or equivalent),https://rooster.jobs/jobs/515990,"The RoleJoin a dynamic team working on a world-renowned core banking application, gaining valuable industry exposure and insights into complex financial systems.RequirementsBachelor's degree in Computer Science (or related field)2-5 years of experience in Finacle Banking SystemExpertise in PL/SQL, Shell Scripting, and Java with a strong focus on data migration, performance tuning, and application supportHands on experience of working in a Finacle Production environmentExcellent analytical and problem-solving skillsA collaborative and dedicated team playerExperience with Jira, bitbucket, GitAt least Intermediate level English (written and verbal)Key ResponsibilitiesDesign and execute data migration strategies for large-scale banking databases.Optimize PL/SQL procedures, functions, triggers, and queries for better performance.Perform data validation, reconciliation, and integrity checks to ensure accuracy.Develop and maintain Shell scripts for automation, job scheduling, and log monitoring.Manage cron jobs for batch processing and automated maintenance.Debug and maintain Java-based middleware components.
Work on API integrations with core banking applications."
N/A,Coullax (or equivalent),https://rooster.jobs/jobs/443690,"Job Title: Software Engineer / Senior Software Engineer (Python)Job Summary:Seeking skilled and passionate Software Engineers / Senior Software Engineers with a minimum of 2 years of industry experience (excluding internships) and a strong Python background. Front-end development skills are a preferred qualification.Key Responsibilities:Design, develop, test, and maintain scalable and robust solutions using PythonCollaborate with cross-functional teams to define, design, and ship new featuresWrite clean, maintainable, and efficient codeConduct code reviews to ensure code qualityTroubleshoot, debug and upgrade existing softwareProvide technical guidance and solutions to complex problemsWork closely with product managers, designers, and other stakeholdersCommunicate effectively to ensure alignment and transparencyStay updated with the latest industry trends and technologiesProactively seek opportunities to improve software and development processesQualifications:Bachelor's degree in Computer Science, Software Engineering, or a related fieldMinimum of 2 years of professional experience in software development (excluding internships)Proven experience with Python and its frameworks (e.g., Django, Flask)Strong proficiency in PythonExperience with Python data libraries (e.g., pandas, NumPy, scipy)Experience with version control systems (e.g., Git)Familiarity with RESTful APIs and web servicesThorough knowledge of databases (SQL and NoSQL)Excellent problem-solving and analytical skillsStrong communication and teamwork abilitiesSelf-motivated with a passion for continuous learning and improvementPreferred Qualifications:Front-end development skills with modern JavaScript frameworksExperience with cloud platforms (e.g., AWS, Azure, GCP)Knowledge of containerization technologies (e.g., Docker, Kubernetes)"
N/A,Coullax (or equivalent),https://rooster.jobs/jobs/516370,"Job Overview:
We are looking for a motivated Software Engineer (.NET) to design, develop, and maintain high-quality applications. The ideal candidate should have a strong foundation in .NET technologies and a passion for writing clean, efficient code.Key Responsibilities:Develop, test, and maintain applications using .NET (C#, ASP.NET, .NET Core)Work with APIs, web services, and database systemsCollaborate with cross-functional teams to define and implement solutionsDebug and resolve technical issuesWrite clean, scalable, and maintainable codeParticipate in code reviews and follow coding best practicesAssist in system design and architecture discussionsRequired Skills & Qualifications:Bachelor’s degree in Computer Science / IT or related field1–3 years of experience in .NET developmentStrong knowledge of C#, ASP.NET, .NET CoreExperience with SQL Server or other databasesFamiliarity with RESTful APIsGood problem-solving and analytical skillsUnderstanding of OOP conceptsNice to Have:Experience with Angular/ReactKnowledge of Azure or cloud platformsExposure to microservices"
N/A,Coullax (or equivalent),https://rooster.jobs/jobs/509154,"Applicant's ProfileDegree from a recognized university preferably a degree in Computer Science/ Engineering/IT.3+ years of experience with .NET technologiesSkilled in designing, developing, and maintaining scalable microservices within a C# .NET environmentSound knowledge in web-related development, OOA, OOD (SOLID), and design patterns.Excellent troubleshooting and communication Skills, Possessing good interpersonal, analytical, and programming skills.MS SQL and MYSQL database management systems experience.Basic knowledge of SSRS and SSIS.Experience in:Microservices.NET framework v4+, .Net Core, ASP.NET Web Forms, MVC, Blazor and Web API.Source controlling tools such as GIT and SVN.SOAP/REST services.Working with Angular and JQuery."
N/A,Coullax (or equivalent),https://rooster.jobs/jobs/516405,"🔍 About the RoleWe are looking for a passionate and skilled Java Software Engineer to join our growing team. The ideal candidate will be responsible for designing, developing, and maintaining high-performance applications while collaborating with cross-functional teams to deliver scalable solutions.🎯 Key ResponsibilitiesDesign, develop, and maintain Java-based applicationsWrite clean, efficient, and well-documented codeParticipate in system design and architecture discussionsTroubleshoot, debug, and upgrade existing systemsCollaborate with frontend developers, QA teams, and product managersDevelop and integrate APIs and third-party servicesEnsure application performance, scalability, and securityConduct code reviews and follow best coding practices✅ Requirements2+ years of experience in Java developmentStrong knowledge of Core Java, OOP concepts, and design patternsExperience with Spring Boot / Spring FrameworkFamiliarity with RESTful APIs and microservices architectureExperience with databases such as MySQL, PostgreSQL, or MongoDBUnderstanding of version control systems (e.g., Git)Knowledge of Docker / CI-CD pipelines is a plusStrong problem-solving and analytical skills💡 Nice to HaveExperience with cloud platforms (AWS, Azure, or GCP)Knowledge of frontend technologies (React, Angular)Familiarity with Agile/Scrum methodologies👤 Ideal CandidateA proactive and self-motivated individualStrong team player with good communication skillsWillingness to learn and adapt to new technologies"
N/A,Coullax (or equivalent),https://rooster.jobs/jobs/516418,"Ready to fire up your dev career? 🔥At Coullax, we Build the Unbuilt creating cutting edge AI and blockchain products for the future.
We’re looking for curious, fast learners who enjoy solving real problems and building real things.What You’ll DoWork on real product features using React, Next.js, and GoDebug, solve problems, and actually ship codeCollaborate in Agile teams stand-ups, code reviews, the worksIntegrate with REST APIs and work with PostgreSQL databasesLearn fast and contribute from day oneWhat We’re Looking ForBasics in JS/TS + ReactFamiliar with Go, Java, or Python + REST APIsUnderstanding of relational databasesAgile mindset and strong problem-solving attitudeCurrently pursuing a degree in CS, Software Engineering, or related fieldNice to HaveAI / Blockchain exposurePersonal or open-source projectsWhat You GetWork on real global productsModern tech stack + mentorshipFlexible, fast paced, builder cultureApply
Send your CV + a short note on what you’ve built📞 070 11 777 11 | 011 214 2278"
N/A,Coullax (or equivalent),https://rooster.jobs/jobs/515973,"🚨 Hiring: Contract Senior Software Engineer (Code Review Specialist) – Remote (United States)We are looking for an experienced Senior Software Engineer to conduct a comprehensive codebase review of a Python-based sales assistant application.This is a short-term contract focused purely on technical review and recommendations, no coding or implementation required.📍 Location: Remote (Sri Lanka-based candidates preferred)
⏱ Contract Duration: ~40 hours total (flexible over 1–2 weeks)
💰 Compensation: LKR 6,000 – 13,000 per hour (based on experience)About the ProjectThe application is built using Python with a Streamlit-based UI and runs locally. The system already includes unit, integration, and system tests and follows standard development practices.We are seeking expert feedback to ensure the application is secure, scalable, performant, and production-ready.Key ResponsibilitiesPerform a full codebase and architecture review (Python backend + Streamlit UI)Identify improvements in design, performance, and maintainabilityAssess security practices and potential vulnerabilitiesReview test coverage and testing strategyDeliver a structured technical report with prioritized recommendationsJoin a 1–2 hour discussion call to walk through findingsRequirements8+ years of Software Engineering experienceStrong expertise in Python developmentExperience with Streamlit or similar Python UI frameworksProven experience performing code reviews and architectural auditsFamiliarity with pytest/unittest, Git, and modern development practicesStrong written and verbal communication in EnglishNice to HaveExperience reviewing sales/CRM or data-driven applicationsFamiliarity with desktop/local Python appsExposure to Docker or deployment environmentsWhat We Offer✔ Fully remote and flexible engagement
✔ Clear scope and independent work
✔ Prompt payment after completion
✔ Potential for future collaboration"
N/A,Coullax (or equivalent),https://rooster.jobs/jobs/512028,"Qualifications:Education: Bachelor’s degree in Computer Science, Computer Engineering, or a related field is required. Advanced degrees or relevant certifications are a plus.Experience: A minimum of 1+ years of professional experience as a Python developer is essential. Experience in leading projects or teams will be an advantage.Technical Skills:Python Expertise: Strong understanding of Python programming language and its associated web frameworks, such as, Flask, or FastAPI. Ability to write clean, maintainable, and efficient code.Web Frameworks: Proficiency in developing robust and scalable web applications using popular Python frameworks. Familiarity with asynchronous programming in Python is desirable.Database Management: Hands-on experience working with relational and non-relational databases, including MySQL, PostgreSQL, MongoDB, etc. Ability to design, optimise, and maintain complex database schemas.API Development: Experience in building and consuming RESTful APIs, with an understanding of API security practices and versioning. Knowledge of GraphQL is a plus.Version Control: Proficient in using Git for version control and collaboration. Experience with CI/CD pipelines and tools like Jenkins or GitLab CI is a bonus.Additional Skills:Problem-Solving: Strong analytical and problem-solving skills, with the ability to troubleshoot and debug code effectively.Communication: Excellent verbal and written communication skills, with the ability to convey technical concepts clearly to both technical and non-technical stakeholders. Ability to work collaboratively in a team environment.Front-End Technologies: Familiarity with front-end technologies such as JavaScript, HTML, CSS, and modern JavaScript frameworks (React, Angular, Vue.js) is advantageous.Cloud Platforms: Experience with cloud platforms like Google Cloud Platform (GCP), AWS, or Microsoft Azure. Knowledge of cloud services, serverless architecture, and infrastructure as code (Terraform, CloudFormation) is preferred.Containerization: Experience with containerization technologies like Docker and orchestration tools like Kubernetes. Understanding of microservices architecture and deployment strategies in a cloud environment."
N/A,Coullax (or equivalent),https://rooster.jobs/jobs/509286,"Location: IslamabadPositions: 4Mode of work: On-SiteQualificationsFresh to 1 year of development experience with either Python (Django) or Node.js.Basic proficiency in backend development using Python/Django or Node.js, TypeScript, JavaScript.Understanding of backend frameworks such as Django, Express.js, or NestJS.Familiarity with building and consuming RESTful APIs.Basic knowledge of modern authorization mechanisms such as JSON Web Token (JWT).Exposure to relational and NoSQL databases like MySQL, MongoDB, or PostgreSQL.Understanding of version control systems like Git, GitHub, or Bitbucket.Awareness of Docker, Serverless architecture, and cloud platforms (AWS, Azure) is a plus.Familiarity with Agile/Scrum workflows.Good problem-solving, team collaboration, and communication skills (verbal & written).EducationBachelor’s degree in Information Technology, Software Engineering, Computer Science or relevant.ResponsibilitiesSupport in the development of web applications from concept to deployment under supervision.Assist in building backend logic using Python/Django or Node.js, and integrate RESTful APIs.Write clean, testable, and reusable code in collaborative development environments.Work with MySQL, MongoDB, or other databases for storing and retrieving application data.Maintain and improve existing codebases by fixing bugs and adding small features or modules.Participate in sprint meetings and team discussions to learn and contribute.Understand and gather basic client requirements with support from senior team members.Stay curious and up-to-date with backend technologies and development trends.Compensation & BenefitsMarket Competitive SalaryPersonal and Family Medical InsurancePersonal Life InsuranceParental Medical InsurancePersonal and Family OPDWeekly MealEOBIPaid Technical Certifications"
N/A,Coullax (or equivalent),https://rooster.jobs/jobs/508375,"Welcome to Twist Digital, where our brand essence revolves around the belief in the transformative power of twisting the fate of businesses. At the core of our values, we are dedicated to unlocking the hidden potential within enterprises and delivering results that bring about positive change.Our commitment lies in providing a comprehensive digital suite tailored to businesses, empowering them to thrive in the ever-evolving digital landscape. We specialize in unraveling new possibilities, reshaping strategies, and guiding brands toward unprecedented success.Position OverviewWe are seeking a motivated and detail-oriented Intern Software Engineer to join our growing team. The ideal candidate will have a passion for full-stack web development, a strong foundation in modern JavaScript frameworks and libraries (especially ReactJS, NextJS, Node.js, and MongoDB), and a willingness to learn and grow in a fast-paced environment.Key Responsibilities:Assist in developing, maintaining, and optimizing web applications using ReactJS/NextJS (frontend) and Node.js/Express (backend).Work with MongoDB to manage and query data for dynamic applications.Collaborate with design and development teams to create scalable and responsive user interfaces.Troubleshoot and debug application issues to ensure optimal performance and user experience.Support in building and integrating RESTful APIs and third-party services.Participate in code reviews, team discussions, and sprint planning.Stay updated with the latest industry trends, tools, and best practices in web development.Qualifications:Basic experience or academic exposure to ReactJS, NextJS, Node.js, Express, and MongoDB.Understanding of JavaScript fundamentals, HTML5, and CSS3.Familiarity with version control tools such as Git and collaborative platforms like GitHub.Strong problem-solving skills and attention to detail.Ability to work both independently and in a team environment.Excellent communication skills and a collaborative mindset.Passion for learning new technologies and continuously improving development skills.Join us in our mission to revolutionize the way businesses approach their digital journey. Whether you are an innovator, a creative mind, or someone passionate about transformative results, Twist Digital is the place for you. Embrace the power of change, unlock your potential, and shape the future with us.Are you ready to become a Twister? Apply now and be a part of the transformation!"
Ready to kickstart your career in software engineering?,Coullax (or equivalent),https://rooster.jobs/jobs/446914,"Ready to kickstart your career in software engineering?Coullax is looking for interns who are passionate about coding, Creativity, problem-solving, and excited to make an impact.What You’ll Do:Assist in the design, development, and testing of software applications.Collaborate with the team to troubleshoot and resolve software issues.Write clean, efficient, and maintainable code.Participate in code reviews and actively contribute to team discussions.Document development processes and solutions.Support various software development tasks as needed.Qualifications:Passion for tech and innovation.Currently pursuing a degree in Computer Science, Software Engineering, or a related field.Familiarity with programming languages such as Java, Python, Golang, or JavaScript.Understanding of software development principles and methodologies (Agile, Scrum).Basic knowledge of databases and SQL.Strong problem-solving skills and attention to detail.Excellent communication and teamwork abilities.At Coullax, we're ""Building the Unbuilt.""We’d love to hear from you if you’re excited about making a real impact and growing with a friendly, creative tech community.Apply now and let's create something amazing together!To apply, send your resume and a cover letter that showcases your achievements.Contact Us: 070 11 777 11 | 011 214 2278"
N/A,Coullax (or equivalent),https://rooster.jobs/jobs/446444,Title: Senior Software EngineerRole: Lead Engineer for App Development TeamEmployment Type -  Full- Time (Hybrid)Responsibilities: Taking the ownership and having a deep understanding of the core business logic of App and DatabaseAPI and back-end design and developmentIn-charge of App deployment and third-party services integrationsSolving the blockers and issues facing by the team members proactively and  failing that communicate swiftly to the Client. In-charge of System Design & DocumentationLeading the DSM and Check-In calls with Client Requirements:Computer Science/Computer Engineering/Software Engineering Degree⁠At-Least 3 years of post study/training experience ⁠Full-Stack engineering experience with hands-on NodeJS stack⁠Experience in AWS and DevOps ⁠Experience with Python would be added advantage ⁠Good understanding on Data Engineering and Data Science
N/A,Coullax (or equivalent),https://rooster.jobs/jobs/446301,"Senior Software Engineer - Full Stack(3-6 months Contract - working in office at a Leading software company)Role located in Colombo, SLIn this role you will:· Execute full software development life cycle of Code, Build, Test, Deploy in an agile scrum team.· Develop flowcharts, layouts and documentation to identify requirements and solutions· Write well-designed, testable code· Integrate software components into a fully functional software system· Document and maintain software functionality· Troubleshoot, debug and upgrade existing systems· Comply with project plans and industry standardWhat we expect in you:· Excellent in coding and unit testing· Creative problem-solving skills· 4+ Years of experience· Excellent communication skills and the ability to work effectively as part of distributed global team.· Knowledge of OOP and modern software design patterns· Knowledge of Java and Node· Knowledge of web markup, including HTML5, CSS· Knowledge of JavaScript/TypeScript and understanding in popular React.js workflows· Knowledge in designing and implementing RESTful APIs.· Knowledge of database systems like MySQL, MongoDB, etc.· Knowledge with unit testing and integration testing frameworks for Front end and back with Docker· Experience of working with version control systems like Git/Bitbucket.· Familiarity with working in a Scrum Agile delivery environment.· Quick learner with a strong drive for self-improvement"
N/A,Coullax (or equivalent),https://rooster.jobs/jobs/516725,"B.Sc. Engineering or Computer Science Undergraduate/EnthusiastWho We're Looking For:We are seeking passionate and motivated individuals with the following skills and qualities:: Proficiency in React.js, React Native, Flutter, Node.js, Python, and Golang.Tech Stack Expertise: Strong analytical and logical thinking skills with a solid grasp of Data Structures and Algorithms.Problem-Solving Prowess: Hands-on experience in web-based application development and architecture.Web Development Knowledge: Clear and effective communication skills to collaborate within and beyond the team.Exceptional Communication: Experience contributing to and collaborating on open-source projects is a bonus!Open Source EnthusiastWhy Join Us?: Fast-track your career with opportunities to step into leadership roles.Accelerated Career Growth: Competitive compensation and inspiring work environments.Attractive Perks: Be part of a unique, team-focused organization that values your growth and well-being.Employee-Centric Culture: Work on cutting-edge technologies and continuously expand your skills through innovation and creativity.Innovation at Its CoreJoin us to shape the future of technology and grow alongside a team that values your contributions! 🌟"
N/A,Coullax (or equivalent),https://rooster.jobs/jobs/516420,"At Coullax, we Build the Unbuilt, crafting AI and blockchain solutions in a fast moving, ever evolving space. We’re looking for engineers who are curious, adaptable, and ready to grow while taking on real responsibility.What You’ll DoBuild features across React/Next.js and GoWork with PostgreSQL (queries, schemas, migrations)Integrate AI features (LLMs, LangChain, RAG)Write tests and maintain code qualityCollaborate with design, product, and QA teamsDebug and optimize real product systemsWhat We’re Looking For0–2 years of experienceStrong in JS/TS + ReactFamiliar with Go / Node / Python + APIsBasic understanding of databases + RESTFast learner with strong problem-solving mindsetNice to HaveGolang experienceExposure to LLMs or AI toolsDocker / cloud basicsInterest in Blockchain / Web3What You GetWork on real, high-impact productsModern stack + hands on mentorshipFast growth in a strong engineering cultureFlexible work + performance based rewardsApplySend your CV + a short note on what you’ve built📞 070 11 777 11 | 011 214 2278"
N/A,Coullax (or equivalent),https://rooster.jobs/jobs/516372,"Job Overview:
We are seeking a Senior Software Engineer (.NET) to lead the development of scalable applications and mentor junior developers while contributing to architecture and design decisions.Key Responsibilities:Design and develop complex applications using .NET technologiesLead development efforts and guide junior engineersDefine architecture and contribute to technical decisionsOptimize application performance and scalabilityConduct code reviews and ensure coding standardsCollaborate with stakeholders to gather requirementsTroubleshoot and resolve critical technical issuesRequired Skills & Qualifications:Bachelor’s degree in Computer Science / IT or equivalent4–7 years of experience in .NET developmentStrong expertise in C#, ASP.NET Core, Web APIsSolid understanding of database design and optimization (SQL Server)Experience in system design and architectureStrong debugging and problem-solving skillsExperience with version control (Git)Nice to Have:Experience with cloud platforms (Azure/AWS)Knowledge of microservices architectureExperience with CI/CD pipelinesFrontend exposure (Angular/React)"
N/A,Coullax (or equivalent),https://rooster.jobs/jobs/514242,"B.Sc. Engineering or Computer Science Undergraduate/EnthusiastWho We're Looking For:We are seeking passionate and motivated individuals with the following skills and qualities:Tech Stack Expertise: Proficiency in React.js, React Native, Flutter, Node.js, Python, and Golang.Problem-Solving Prowess: Strong analytical and logical thinking skills with a solid grasp of Data Structures and Algorithms.Web Development Knowledge: Hands-on experience in web-based application development and architecture.Exceptional Communication: Clear and effective communication skills to collaborate within and beyond the team.Open Source Enthusiast: Experience contributing to and collaborating on open-source projects is a bonus!Why Join Us?Accelerated Career Growth: Fast-track your career with opportunities to step into leadership roles.Attractive Perks: Competitive compensation and inspiring work environments.Employee-Centric Culture: Be part of a unique, team-focused organization that values your growth and well-being.Innovation at Its Core: Work on cutting-edge technologies and continuously expand your skills through innovation and creativity.Join us to shape the future of technology and grow alongside a team that values your contributions! 🌟"
N/A,Coullax (or equivalent),https://rooster.jobs/jobs/515195,"About Twist DigitalWelcome to Twist Digital, where we believe in the transformative power of twisting the fate of businesses. At the core of our philosophy is unlocking hidden potential, reshaping digital strategies, and delivering measurable results that drive real growth.We build digital products that matter—scalable, impactful, and engineered for the future.Position OverviewWe are seeking a high-impact Associate Software Engineer who will own product development end-to-end and lead a small engineering team. This role is ideal for someone who is both a strong hands-on engineer and a natural leader—someone who can make technical decisions, drive execution, and mentor developers.You will be responsible for technical direction, feature ownership, team coordination, and delivery outcomes.Key ResponsibilitiesTechnical OwnershipOwn the architecture, development, and delivery of core product features.Design and implement scalable systems.Define technical standards, coding guidelines, and best practices for the team.Make architectural decisions and ensure system scalability, performance, and reliability.Team LeadershipLead and mentor junior developers and interns.Conduct code reviews and enforce engineering quality standards.Break down product requirements into technical tasks and sprint deliverables.Coordinate with designers, product managers, and stakeholders to ensure alignment.Product & ExecutionTranslate business requirements into technical solutions.Manage feature roadmaps and ensure timely delivery.Identify bottlenecks and proactively improve development workflows.Integrate third-party services, APIs, and internal tools.Qualifications & SkillsRequired1–3 years of experience in full-stack engineering.Strong proficiency in TypeScript and modern JavaScript (ES6+).Production experience with NextJS, React, and NestJS.Experience designing and working with MongoDB schemas and queries.Strong understanding of REST APIs, authentication, and middleware patterns.Experience with Git, GitHub/GitLab, and team-based workflows.Ability to lead technical discussions and make engineering decisions.Strong communication and leadership skills.Nice to HaveExperience with Docker, Kubernetes, CI/CD, AWS/GCP/Vercel.Knowledge of GraphQL, Redis, message queues, or microservices architecture.Prior experience leading a team.Experience working in Agile/Scrum environments.What We OfferProduct ownership and real decision-making authority.Opportunity to lead and shape an engineering team.Fast growth environment with exposure to strategy and architecture.Competitive salary and performance-based growth.Direct impact on real-world digital products and businesses.Join the TwistAt Twist Digital, engineers are not just coders—they are builders, decision-makers, and leaders. If you want to own products, lead people, and build technology that shapes businesses, this role is for you.Are you ready to become a Twister?
Apply now and lead the transformation."
N/A,Coullax (or equivalent),https://rooster.jobs/jobs/507144,"B.Sc. Engineering or Computer Science  Associate Software EngineerWho We're Looking For:We are seeking passionate and motivated individuals with the following skills and qualities:Tech Stack Expertise: Proficiency in React.js, React Native, Flutter, Node.js, Python, and Golang.Problem-Solving Prowess: Strong analytical and logical thinking skills with a solid grasp of Data Structures and Algorithms.Web Development Knowledge: Hands-on experience in web-based application development and architecture.Exceptional Communication: Clear and effective communication skills to collaborate within and beyond the team.Open Source Enthusiast: Experience contributing to and collaborating on open-source projects is a bonus!Why Join Us?Accelerated Career Growth: Fast-track your career with opportunities to step into leadership roles.Attractive Perks: Competitive compensation and inspiring work environments.Employee-Centric Culture: Be part of a unique, team-focused organization that values your growth and well-being.Innovation at Its Core: Work on cutting-edge technologies and continuously expand your skills through innovation and creativity.Join us to shape the future of technology and grow alongside a team that values your contributions! 🌟"
